종목코드,종목명
20,동화약품
40,KR모터스
50,경방
60,메리츠화재
70,삼양홀딩스
80,하이트진로
100,유한양행
120,CJ대한통운
140,하이트진로홀딩스
150,두산
180,성창기업지주
210,DL
220,유유제약
230,일동홀딩스
240,한국앤컴퍼니
250,삼천당제약
270,기아
300,대유플러스
320,노루홀딩스
370,한화손해보험
390,삼화페인트
400,롯데손해보험
430,대원강업
440,중앙에너비스
480,조선내화
490,대동
500,가온전선
520,삼일제약
540,흥국화재
590,CS홀딩스
640,동아쏘시오홀딩스
650,천일고속
660,SK하이닉스
670,영풍
680,LS네트웍스
700,유수홀딩스
720,현대건설
760,이화산업
810,삼성화재
850,화천기공
860,강남제비스코
880,한화
890,보해양조
910,유니온
950,전방
970,한국주철관
990,DB하이텍
1000,신라섬유
1020,페이퍼코리아
1040,CJ
1060,JW중외제약
1070,대한방직
1080,만호제강
1120,LX인터내셔널
1130,대한제분
1140,국보
1200,유진투자증권
1210,금호전기
1230,동국제강
1250,GS글로벌
1260,남광토건
1270,부국증권
1290,상상인증권
1340,백광산업
1360,삼성제약
1380,SG글로벌
1390,KG케미칼
1420,태원물산
1430,세아베스틸
1440,대한전선
1450,현대해상
1460,BYC
1470,삼부토건
1500,현대차증권
1510,SK증권
1520,동양
1530,DI동일
1540,안국약품
1550,조비
1560,제일연마
1570,금양
1620,케이비아이동국실업
1630,종근당홀딩스
1680,대상
1720,신영증권
1740,SK네트웍스
1750,한양증권
1770,SHD
1780,알루코
1790,대한제당
1800,오리온홀딩스
1810,무림SP
1820,삼화콘덴서
1840,이화공영
1880,DL건설
1940,KISCO홀딩스
2020,코오롱
2030,아세아
2070,비비안
2100,경농
2140,고려산업
2150,도화엔지니어링
2170,삼양통상
2200,한국수출포장
2210,동성제약
2220,한일철강
2230,피에스텍
2240,고려제강
2270,롯데푸드
2290,삼일기업공사
2310,아세아제지
2320,한진
2350,넥센타이어
2360,SH에너지화학
2380,KCC
2390,한독
2410,범양건영
2420,세기상사
2450,삼익악기
2460,화성산업
2600,조흥
2620,제일파마홀딩스
2630,오리엔트바이오
2680,한탑
2690,동일제강
2700,신일전자
2710,TCC스틸
2720,국제약품
2760,보락
2780,진흥기업
2790,아모레G
2800,신신제약
2810,삼영무역
2820,SUN&L
2840,미원상사
2870,신풍제지
2880,대유에이텍
2900,TYM
2920,유성기업
2960,한국쉘석유
2990,금호건설
3000,부광약품
3010,혜인
3030,세아제강지주
3060,에이프로젠제약
3070,코오롱글로벌
3080,성보화학
3090,대웅
3100,선광
3120,일성신약
3160,디아이
3200,일신방직
3220,대원제약
3230,삼양식품
3240,태광산업
3280,흥아해운
3300,한일홀딩스
3310,대주산업
3350,한국화장품제조
3380,하림지주
3410,쌍용C&E
3460,유화증권
3470,유안타증권
3480,한진중공업홀딩스
3490,대한항공
3520,영진약품
3530,한화투자증권
3540,대신증권
3550,LG
3560,IHQ
3570,SNT중공업
3580,넥스트사이언스
3610,방림
3620,쌍용차
3650,미창석유
3670,포스코케미칼
3680,한성기업
3690,코리안리
3720,삼영화학
3780,진양산업
3800,에이스침대
3830,대한화섬
3850,보령제약
3920,남양유업
3960,사조대림
4000,롯데정밀화학
4020,현대제철
4060,SG세계물산
4080,신흥
4090,한국석유
4100,태양금속
4140,동방
4150,한솔홀딩스
4170,신세계
4250,NPC
4270,남성
4310,현대약품
4360,세방
4370,농심
4380,삼익THK
4410,서울식품
4430,송원산업
4440,삼일씨엔에스
4450,삼화왕관
4490,세방전지
4540,깨끗한나라
4560,현대비앤지스틸
4590,한국가구
4650,창해에탄올
4690,삼천리
4700,조광피혁
4710,한솔테크닉스
4720,팜젠사이언스
4770,써니전자
4780,대륙제관
4800,효성
4830,덕성
4840,DRB동일
4870,티웨이홀딩스
4890,동일산업
4910,조광페인트
4920,씨아이테크
4960,한신공영
4970,신라교역
4980,성신양회
4990,롯데지주
5010,휴스틸
5030,부산주공
5070,코스모신소재
5090,SGC에너지
5110,한창
5160,동국산업
5180,빙그레
5250,녹십자홀딩스
5290,동진쎄미켐
5300,롯데칠성
5320,국동
5360,모나미
5380,현대차
5390,신성통상
5420,코스모화학
5430,한국공항
5440,현대그린푸드
5490,POSCO
5500,삼진제약
5610,SPC삼립
5670,푸드웰
5680,삼영전자
5690,파미셀
5710,대원산업
5720,넥센
5740,크라운해태홀딩스
5750,대림B&Co
5800,신영와코루
5810,풍산홀딩스
5820,원림
5830,DB손해보험
5850,에스엘
5860,한일사료
5870,휴니드
5880,대한해운
5930,삼성전자
5940,NH투자증권
5950,이수화학
5960,동부건설
5990,매일홀딩스
6040,동원산업
6050,국영지앤엠
6060,화승인더
6090,사조오양
6110,삼아알미늄
6120,SK디스커버리
6140,피제이전자
6200,한국전자홀딩스
6220,제주은행
6260,LS
6280,녹십자
6340,대원전선
6360,GS건설
6370,대구백화점
6380,카프로
6390,한일현대시멘트
6400,삼성SDI
6490,인스코비
6570,대림통상
6580,대양제지
6620,동구바이오제약
6650,대한유화
6660,삼성공조
6730,서부T&D
6740,영풍제지
6800,미래에셋증권
6840,AK홀딩스
6880,신송홀딩스
6890,태경케미컬
6910,보성파워텍
6920,모헨즈
6980,우성
7070,GS리테일
7110,일신석재
7120,미래아이앤지
7160,사조산업
7210,벽산
7280,한국특강
7310,오뚜기
7330,푸른저축은행
7340,디티알오토모티브
7370,진양제약
7390,네이처셀
7460,에이프로젠 MED
7530,영신금속
7540,샘표
7570,일양약품
7590,동방아그로
7610,선도전기
7660,이수페타시스
7680,대원
7690,국도화학
7700,F&F홀딩스
7720,대명소노시즌
7770,한일화학
7810,코리아써키트
7820,에스엠코어
7860,서연
7980,태평양물산
8040,사조동아원
8060,대덕
8110,대동전자
8250,이건산업
8260,NI스틸
8290,원풍물산
8350,남선알미늄
8370,원풍
8420,문배철강
8470,부스타
8490,서흥
8500,일정실업
8560,메리츠증권
8600,윌비스
8700,아남전자
8730,율촌화학
8770,호텔신라
8830,대동기어
8870,금비
8930,한미사이언스
8970,동양철관
9070,KCTC
9140,경인전자
9150,삼성전기
9160,SIMPAC
9180,한솔로지스틱스
9190,대양금속
9200,무림페이퍼
9240,한샘
9270,신원
9290,광동제약
9300,삼아제약
9310,참엔지니어링
9320,대우부품
9410,태영건설
9420,한올바이오파마
9440,KC그린홀딩스
9450,경동나비엔
9460,한창제지
9470,삼화전기
9520,포스코엠텍
9540,한국조선해양
9580,무림P&P
9620,삼보산업
9680,모토닉
9730,코센
9770,삼정펄프
9780,엠에스씨
9810,플레이그램
9830,한화솔루션
9900,명신산업
9970,영원무역홀딩스
10040,한국내화
10050,우리종금
10060,OCI
10100,한국프랜지
10120,LS ELECTRIC
10130,고려아연
10140,삼성중공업
10170,대한광통신
10240,흥국
10280,쌍용정보통신
10400,우진아이엔에스
10420,한솔PNS
10470,오리콤
10580,지코
10600,웰바이오텍
10620,현대미포조선
10640,진양폴리
10660,화천기계
10690,화신
10770,평화홀딩스
10780,아이에스동서
10820,퍼스텍
10950,S-Oil
10960,삼호개발
11000,진원생명과학
11040,경동제약
11070,LG이노텍
11080,형지I&C
11090,에넥스
11150,CJ씨푸드
11170,롯데케미칼
11200,HMM
11210,현대위아
11230,삼화전자
11280,태림포장
11300,성안
11320,유니크
11330,유니켐
11370,서한
11390,부산산업
11420,갤럭시아에스엠
11500,한농화성
11560,세보엠이씨
11690,와이투솔루션
11700,한신기계
11760,현대코퍼레이션
11780,금호석유
11790,SKC
11810,STX
11930,신성이엔지
12030,DB
12160,영흥
12170,아센디오
12200,계양전기
12280,영화금속
12320,경동인베스트
12330,현대모비스
12340,뉴인텍
12450,한화에어로스페이스
12510,더존비즈온
12600,센트럴인사이트
12610,경인양행
12620,원일특강
12630,HDC
12690,모나리자
12700,리드코프
12750,에스원
12790,신일제약
12800,대창
12860,모베이스전자
13000,세우글로벌
13030,하이록코리아
13120,동원개발
13310,아진산업
13360,일성건설
13520,화승코퍼레이션
13570,디와이
13580,계룡건설
13700,까뮤이앤씨
13720,CBI
13810,스페코
13870,지엠비코리아
13890,지누스
13990,아가방컴퍼니
14100,메디앙스
14130,한익스프레스
14160,대영포장
14190,원익큐브
14200,광림
14280,금강공업
14440,영보화학
14470,부방
14530,극동유화
14570,고려제약
14580,태경비케이
14620,성광벤드
14680,한솔케미칼
14710,사조씨푸드
14790,한라
14820,동원시스템즈
14830,유니드
14910,성문전자
14940,오리엔탈정공
14970,삼륭물산
14990,인디에프
15020,이스타코
15230,대창단조
15260,에이엔피
15360,예스코홀딩스
15540,쎌마테라퓨틱스
15590,큐로
15710,코콤
15750,성우하이텍
15760,한국전력
15860,일진홀딩스
15890,태경산업
16090,대현
16100,리더스코스메틱
16250,SGC이테크건설
16360,삼성증권
16380,KG동부제철
16450,한세예스24홀딩스
16580,환인제약
16590,신대양제지
16600,큐캐피탈
16610,DB금융투자
16670,인피니티엔티
16710,대성홀딩스
16740,두올
16790,현대사료
16800,퍼시스
16880,웅진
16920,카스
17000,신원종합개발
17040,광명전기
17180,명문제약
17250,인터엠
17370,우신시스템
17390,서울가스
17480,삼현철강
17510,세명전기
17550,수산중공업
17650,대림제지
17670,SK텔레콤
17800,현대엘리베이
17810,풀무원
17890,한국알콜
17900,광전자
17940,E1
17960,한국카본
18000,유니슨
18120,진로발효
18250,애경산업
18260,삼성에스디에스
18290,브이티지엠피
18310,삼목에스폼
18470,조일알미늄
18500,동원금속
18620,우진비앤지
18670,SK가스
18680,서울제약
18700,바른손
18880,한온시스템
19010,베뉴지
19170,신풍제약
19180,티에이치엔
19210,와이지-원
19440,세아특수강
19490,하이트론
19540,일지테크
19550,SBI인베스트먼트
19570,리더스 기술투자
19590,엠벤처투자
19660,글로본
19680,대교
19770,서연탑메탈
19990,에너토크
20000,한섬
20120,키다리스튜디오
20150,일진머티리얼즈
20180,대신정보통신
20400,대동금속
20560,아시아나항공
20710,시공테크
20760,일진디스플
21040,대호특수강
21050,서원
21080,에이티넘인베스트
21240,코웨이
21320,KCC건설
21650,한국큐빅
21820,세원정공
21880,메이슨캐피탈
22100,포스코 ICT
22220,정산애강
23000,삼원강재
23150,MH에탄올
23160,태광
23350,한국종합기술
23410,유진기업
23440,제일제강
23450,동남합성
23460,CNH
23530,롯데쇼핑
23590,다우기술
23600,삼보판지
23760,한국캐피탈
23770,플레이위드
23790,동일철강
23800,인지컨트롤스
23810,인팩
23900,풍국주정
23910,대한약품
23960,에쓰씨엔지니어링
24060,흥구석유
24070,WISCOM
24090,디씨엠
24110,기업은행
24120,KB오토시스
24720,한국콜마홀딩스
24740,한일단조
24800,유성티엔에스
24810,이화전기
24830,세원물산
24840,KBI메탈
24850,피에스엠씨
24880,케이피에프
24890,대원화성
24900,덕양산업
24910,경창산업
24940,PN풍년
24950,삼천리자전거
25000,KPX케미칼
25320,시노펙스
25440,대성엘텍
25530,SJM홀딩스
25540,한국단자
25550,한국선재
25560,미래산업
25620,제이준코스메틱
25750,한솔홈데코
25770,한국정보통신
25820,이구산업
25860,남해화학
25870,신라에스지
25880,케이씨피드
25890,한국주강
25900,동화기업
25950,동신건설
25980,아난티
26040,제이에스티나
26150,특수건설
26890,스틱인베스트먼트
26910,광진실업
26940,부국철강
26960,동서
27040,서울전자통신
27050,코리아나
27360,아주IB투자
27410,BGF
27580,상보
27710,팜스토리
27740,마니커
27830,대성창투
27970,세하
28050,삼성엔지니어링
28080,휴맥스홀딩스
28100,동아지질
28260,삼성물산
28300,HLB
28670,팬오션
29460,케이씨
29480,릭스솔루션
29530,신도리코
29780,삼성카드
29960,코엔텍
30000,제일기획
30190,NICE평가정보
30200,KT
30210,KTB투자증권
30350,드래곤플라이
30520,한글과컴퓨터
30530,원익홀딩스
30610,교보증권
30720,동원수산
30790,비케이탑스
30960,양지사
31310,아이즈비전
31330,에스에이엠티
31430,신세계인터내셔날
31440,신세계푸드
31510,오스템
31820,콤텍시스템
31860,엔에스엔
31980,피에스케이홀딩스
32080,아즈텍WB
32190,다우데이타
32280,삼일
32300,한국파마
32350,롯데관광개발
32500,케이엠더블유
32540,TJ미디어
32560,황금에스티
32580,피델릭스
32620,유비케어
32640,LG유플러스
32680,소프트센
32750,삼진
32790,BNGT
32800,판타지오
32820,우리기술
32830,삼성생명
32850,비트컴퓨터
32860,휴먼엔
32940,원익
32960,동일기연
32980,바이온
33050,제이엠아이
33100,제룡전기
33130,디지틀조선
33160,엠케이전자
33170,시그네틱스
33180,KH 필룩스
33200,모아텍
33230,인성정보
33240,자화전자
33250,체시스
33270,유나이티드제약
33290,코웰패션
33310,엠투엔
33320,제이씨현시스템
33340,좋은사람들
33500,동성화인텍
33530,세종공업
33540,파라텍
33560,블루콤
33640,네패스
33780,KT&G
33790,스카이문스테크놀로지
33830,티비씨
33920,무학
34020,두산중공업
34120,SBS
34220,LG디스플레이
34230,파라다이스
34300,신세계건설
34310,NICE
34590,인천도시가스
34730,SK
34810,해성산업
34830,한국토지신탁
34940,조아제약
34950,한국기업평가
35000,지투알
35080,인터파크
35150,백산
35200,프럼파스트
35250,강원랜드
35290,골드앤에스
35420,NAVER
35460,기산텔레콤
35510,신세계 I&C
35600,KG이니시스
35610,솔본
35620,바른손이앤에이
35720,카카오
35760,CJ ENM
35810,이지홀딩스
35890,서희건설
35900,JYP Ent.
36000,예림당
36010,아비코전자
36030,케이티알파
36090,위지트
36120,SCI평가정보
36170,클라우드에어
36180,지더블유바이텍
36190,금화피에스시
36200,유니셈
36420,제이콘텐트리
36460,한국가스공사
36480,대성미생물
36530,SNT홀딩스
36540,SFA반도체
36560,영풍정밀
36570,엔씨소프트
36580,팜스코
36620,감성코퍼레이션
36630,세종텔레콤
36640,HRS
36670,KCI
36690,코맥스
36710,심텍홀딩스
36800,나이스정보통신
36810,에프에스티
36830,솔브레인홀딩스
36890,진성티이씨
36930,주성엔지니어링
37030,파워넷
37070,파세코
37230,한국팩키지
37270,YG PLUS
37330,인지디스플레
37350,성도이엔지
37370,EG
37400,우리조명
37440,희림
37460,삼지전자
37560,LG헬로비전
37710,광주신세계
37760,쎄니트
37950,엘컴텍
38010,제일테크노스
38060,루멘스
38070,서린바이오
38110,에코플라스틱
38290,마크로젠
38340,UCI
38390,레드캡투어
38460,바이오스마트
38500,삼표시멘트
38530,골드퍼시픽
38540,상상인
38620,위즈코프
38680,에스넷
38870,에코바이오
38880,아이에이
38950,파인디지털
39010,현대에이치티
39020,이건홀딩스
39030,이오테크닉스
39130,하나투어
39200,오스코텍
39240,경남스틸
39290,인포뱅크
39310,세중
39340,한국경제TV
39420,케이엘넷
39440,에스티아이
39490,키움증권
39560,다산네트웍스
39570,HDC랩스
39610,화성밸브
39670,스포츠서울
39740,한국정보공학
39830,오로라
39840,디오
39860,나노엔텍
39980,리노스
40160,누리플렉스
40300,YTN
40350,큐로컴
40420,정상제이엘에스
40610,SG&G
40910,아이씨디
41020,폴라리스오피스
41140,넥슨지티
41190,우리기술투자
41440,현대에버다임
41460,한국전자인증
41510,에스엠
41520,이라이콤
41590,젬백스지오
41650,상신브레이크
41830,인바디
41910,에스텍파마
41920,메디아나
41930,동아화성
41960,코미팜
42000,카페24
42040,케이피엠테크
42110,에스씨디
42370,비츠로테크
42420,네오위즈홀딩스
42500,링네트
42510,라온시큐어
42520,한스바이오메드
42600,새로닉스
42660,대우조선해양
42670,현대두산인프라코어
42700,한미반도체
42940,상지카일룸
43090,한창바이오텍
43100,솔고바이오
43150,바텍
43200,파루
43220,에이치엘비파워
43260,성호전자
43340,에쎈테크
43360,디지아이
43370,피에이치에이
43590,크로바하이텍
43610,지니뮤직
43650,국순당
43710,서울리거
43910,자연과환경
44060,조광ILI
44180,KD
44340,위닉스
44380,주연테크
44450,KSS해운
44480,블루베리 NFT
44490,태웅
44780,에이치케이
44820,코스맥스비티아이
44960,이글벳
45060,오공
45100,한양이엔지
45300,성우테크론
45340,토탈소프트
45390,대아티아이
45510,정원엔시스
45520,크린앤사이언스
45660,에이텍
45970,코아시아
46070,코다코
46110,한일네트웍스
46120,오르비텍
46140,SBS콘텐츠허브
46210,파나진
46310,백금T&A
46390,삼화네트웍스
46440,KG모빌리언스
46890,서울반도체
46940,우원개발
46970,우리로
47040,대우건설
47050,포스코인터내셔널
47080,한빛소프트
47310,파워로직스
47400,유니온머티리얼
47560,이스트소프트
47770,코데즈컴바인
47810,한국항공우주
47820,초록뱀미디어
47920,HLB제약
48260,오스템임플란트
48410,현대바이오
48430,유라테크
48470,대동스틸
48530,인트론바이오
48550,SM C&C
48770,TPC
48830,엔피케이
48870,시너지이노베이션
48910,대원미디어
49070,인탑스
49080,기가레인
49120,파인디앤씨
49180,셀루메드
49430,코메론
49470,SGA
49480,오픈베이스
49520,유아이엘
49550,잉크테크
49630,재영솔루텍
49720,고려신용정보
49770,동원F&B
49800,우진플라임
49830,승일
49950,미래컴퍼니
49960,쎌바이오텍
50090,휘닉스소재
50110,캠시스
50120,ES큐브
50320,아래스
50540,한국코퍼레이션
50760,에스폴리텍
50860,아세아텍
50890,쏠리드
50960,수산아이앤티
51160,지어소프트
51360,토비스
51370,인터플렉스
51380,피씨디렉트
51390,YW
51490,나라엠앤디
51500,CJ프레시웨이
51600,한전KPS
51630,진양화학
51780,큐로홀딩스
51900,LG생활건강
51910,LG화학
51980,중앙디앤엠
52020,에스티큐브
52190,세영디앤씨
52220,iMBC
52260,현대바이오랜드
52300,초록뱀컴퍼니
52330,코텍
52400,코나아이
52420,오성첨단소재
52460,아이크래프트
52600,한네트
52670,제일바이오
52690,한전기술
52710,아모텍
52770,아이톡시
52790,액토즈소프트
52860,아이앤씨
52900,KMH하이텍
53030,바이넥스
53050,지에스이
53060,세동
53080,원방테크
53110,소리바다
53160,프리엠스
53210,스카이라이프
53260,금강철강
53270,구영테크
53280,예스24
53290,NE능률
53300,한국정보인증
53350,이니텍
53450,세코닉스
53580,웹케시
53590,한국테크놀로지
53610,프로텍
53620,태양
53660,현진소재
53690,한미글로벌
53700,삼보모터스
53800,안랩
53950,경남제약
53980,오상자이엘
54040,한국컴퓨터
54050,농우바이오
54090,삼진엘앤디
54180,메디콕스
54210,이랜텍
54220,비츠로시스
54300,팬스타엔터프라이즈
54410,케이피티유
54450,텔레칩스
54540,삼영엠텍
54620,APS홀딩스
54630,에이디칩스
54670,대한뉴팜
54780,키이스트
54800,아이디스홀딩스
54920,한컴위드
54930,유신
54940,엑사이엔씨
54950,제이브이엠
55490,테이팩스
55550,신한지주
56000,COWON
56080,유진로봇
56090,유앤아이
56190,에스에프에이
56360,코위버
56700,신화인터텍
56730,CNT85
57030,YBM넷
57050,현대홈쇼핑
57540,옴니시스템
57680,티사이언티픽
57880,피에이치씨
58110,멕아이씨에스
58220,아리온
58400,KNN
58420,제이웨이
58430,포스코강판
58450,일야
58470,리노공업
58530,파나케이아
58610,에스피지
58630,엠게임
58650,세아홀딩스
58730,다스코
58820,CMG제약
58850,KTcs
58860,KTis
58970,엠로
59090,미코
59100,아이컴포넌트
59120,아진엑스텍
59210,메타바이오메드
59270,해성티피씨
60150,인선이엔티
60230,얍엑스
60240,룽투코리아
60250,NHN한국사이버결제
60260,뉴보텍
60280,큐렉소
60300,레드로버
60310,3S
60370,KT서브마린
60380,동양에스텍
60480,국일신동
60540,에스에이티
60560,홈센타홀딩스
60570,드림어스컴퍼니
60590,씨티씨바이오
60720,KH바텍
60850,영림원소프트랩
60900,대한그린파워
60980,한라홀딩스
61040,알에프텍
61250,화일약품
61970,엘비세미콘
62860,티엘아이
62970,피피아이
63080,컴투스홀딩스
63160,종근당바이오
63170,서울옥션
63440,SM Life Design
63570,한국전자금융
63760,이엘피
64090,에프앤리퍼블릭
64240,홈캐스트
64260,다날
64290,인텍플러스
64350,현대로템
64480,브리지텍
64510,유네코
64520,바른전자
64550,바이오니아
64760,티씨케이
64800,젬백스링크
64820,케이프
64850,에프앤가이드
64960,SNT모티브
65060,지엔코
65130,탑엔지니어링
65150,엠피대산
65170,넥스트BT
65350,신성델타테크
65370,위세아이텍
65420,에스아이리소스
65440,이루온
65450,빅텍
65500,오리엔트정공
65510,휴비츠
65530,와이어블
65560,녹원씨엔아이
65570,삼영이엔씨
65650,메디프론
65660,안트로젠
65680,우주일렉트로
65690,파커스
65710,서호전기
65770,CS
65950,웰크론
66110,한프
66130,하츠
66310,큐에스아이
66360,체리부로
66410,버킷스튜디오
66430,와이오엠
66570,LG전자
66590,우수AMS
66620,국보디자인
66670,디스플레이텍
66700,테라젠이텍스
66790,씨씨에스
66900,디에이피
66910,손오공
66970,엘앤에프
66980,이엔코퍼레이션
67000,조이시티
67010,이씨에스
67080,대화제약
67160,아프리카TV
67170,오텍
67280,멀티캠퍼스
67290,JW신약
67310,하나마이크론
67390,아스트
67570,엔브이에이치코리아
67630,HLB생명과학
67730,로지시스
67770,세진티에스
67830,세이브존I&C
67900,와이엔텍
67920,이글루시큐리티
67990,도이치모터스
68050,팬엔터테인먼트
68240,다원시스
68270,셀트리온
68290,삼성출판사
68330,일신바이오
68400,SK렌터카
68760,셀트리온제약
68790,DMS
68930,디지털대성
68940,아이씨케이
69080,웹젠
69110,코스온
69140,누리플랜
69260,휴켐스
69330,유아이디
69410,엔텔스
69460,대호에이엘
69510,에스텍
69540,라이트론
69620,대웅제약
69640,한세엠케이
69730,DSR제강
69920,아이에스이커머스
69960,현대백화점
70300,엑스큐어
70590,한솔인티큐브
70960,용평리조트
71050,한국금융지주
71090,하이스틸
71200,인피니트헬스케어
71280,로체시스템즈
71320,지역난방공사
71460,위니아딤채
71670,에이테크솔루션
71840,롯데하이마트
71850,캐스텍코리아
71950,코아스
71970,STX중공업
72020,중앙백신
72130,유엔젤
72470,우리산업홀딩스
72520,제넨바이오
72710,농심홀딩스
72770,율호
72870,메가스터디
72950,빛샘전자
72990,에이치시티
73010,케이에스피
73110,엘엠에스
73190,듀오백
73240,금호타이어
73490,이노와이어리스
73540,에프알텍
73560,우리손에프앤지
73570,WI
73640,테라사이언스
74430,아미노로직스
74600,원익QnC
74610,이엔플러스
75130,플랜티넷
75180,새론오토모티브
75580,세진중공업
75970,동국알앤에스
76080,웰크론한텍
76610,해성옵틱스
77360,덕산하이메탈
77500,유니퀘스트
77970,STX엔진
78000,텔코웨어
78020,이베스트투자증권
78070,유비쿼스홀딩스
78130,국일제지
78140,대봉엘에스
78150,HB테크놀러지
78160,메디포스트
78340,컴투스
78350,한양디지텍
78520,에이블씨엔씨
78590,디아크
78600,대주전자재료
78650,지나인제약
78860,아이오케이
78890,가온미디어
78930,GS
78940,코드네이처
79000,와토스코리아
79160,CJ CGV
79170,한창산업
79190,EMW
79370,제우스
79430,현대리바트
79550,LIG넥스원
79650,서산
79810,디이엔티
79940,가비아
79950,인베니아
79960,동양이엔피
79970,투비소프트
79980,휴비스
80000,에스엔유
80010,이상네트웍스
80160,모두투어
80220,제주반도체
80420,모다이노칩
80470,성창오토텍
80520,오디텍
80530,코디
80580,오킨스전자
80720,한국유니온제약
81000,일진다이아
81150,티플랙스
81580,성우전자
81660,휠라홀딩스
82210,옵트론텍
82270,젬백스
82640,동양생명
82660,코스나인
82740,HSD엔진
82800,비보존 헬스케어
82850,우리바이오
82920,비츠로셀
83310,엘오티베큠
83420,그린케미칼
83450,GST
83470,이엠앤아이
83500,에프엔에스테크
83550,케이엠
83640,인콘
83650,비에이치아이
83660,CSA 코스믹
83790,크리스탈지노믹스
83930,아바코
84010,대한제강
84110,휴온스글로벌
84180,수성이노베이션
84370,유진테크
84650,랩지노믹스
84670,동양고속
84680,이월드
84690,대상홀딩스
84730,팅크웨어
84850,아이티엠반도체
84870,TBH글로벌
84990,헬릭스미스
85310,엔케이
85370,루트로닉
85620,미래에셋생명
85660,차바이오텍
85670,뉴프렉스
85810,알티캐스트
85910,네오티스
86040,바이오톡스텍
86060,진바이오텍
86280,현대글로비스
86390,유니테스트
86450,동국제약
86520,에코프로
86670,비엠티
86710,선진뷰티사이언스
86790,하나금융지주
86820,바이오솔루션
86890,이수앱지스
86900,메디톡스
86960,한컴MDS
86980,쇼박스
87010,펩트론
87260,모바일어플라이언스
87600,픽셀플러스
88130,동아엘텍
88260,이리츠코크렙
88290,이원컴포텍
88350,한화생명
88390,이녹스
88790,진도
88800,에이스테크
88910,동우팜투테이블
88980,맥쿼리인프라
89010,켐트로닉스
89030,테크윙
89140,넥스턴바이오
89150,케이씨티
89230,THE E&M
89470,HDC현대EP
89530,에이티세미콘
89590,제주항공
89600,나스미디어
89790,제이티
89850,유비벨록스
89860,롯데렌탈
89890,코세스
89970,에이피티씨
89980,상아프론테크
90080,평화산업
90150,아이윈
90350,노루페인트
90360,로보스타
90370,메타랩스
90410,덕신하우징
90430,아모레퍼시픽
90460,비에이치
90470,제이스텍
90710,휴림로봇
90740,연이비앤티
90850,현대이지웰
91090,세원이앤씨
91120,이엠텍
91340,S&K폴리텍
91440,텔레필드
91580,상신이디피
91590,남화토건
91700,파트론
91810,티웨이항공
91970,나노캠텍
91990,셀트리온헬스케어
92040,아미코젠
92070,디엔에프
92130,이크레더블
92190,서울바이오시스
92200,디아이씨
92220,KEC
92230,KPX홀딩스
92300,현우산업
92440,기신정기
92460,한라IMS
92600,앤씨앤
92730,네오팜
92780,동양피스톤
92870,엑시콘
93050,LF
93190,빅솔론
93230,이아이디
93240,형지엘리트
93320,케이아이엔엑스
93370,후성
93380,풍강
93520,매커스
93640,다믈멀티미디어
93920,서원인텍
94170,동운아나텍
94280,효성ITX
94360,칩스앤미디어
94480,갤럭시아머니트리
94820,일진파워
94840,슈프리마에이치큐
94850,참좋은여행
94860,네오리진
94940,푸른기술
94970,제이엠티
95190,이엠코리아
95270,웨이브일렉트로
95340,ISC
95500,미래나노텍
95570,AJ네트웍스
95610,테스
95660,네오위즈
95700,제넥신
95720,웅진씽크빅
95910,에스에너지
96040,이트론
96240,청담러닝
96350,대창솔루션
96530,씨젠
96610,알에프세미
96630,에스코넥
96640,멜파스
96690,에이루트
96760,JW홀딩스
96770,SK이노베이션
96870,엘디티
97230,HJ중공업
97520,엠씨넥스
97780,에스맥
97800,윈팩
97870,효성오앤비
97950,CJ제일제당
98120,마이크로컨텍솔
98460,고영
98660,에스티오
99190,아이센스
99220,SDN
99320,쎄트렉아이
99390,브레인즈컴퍼니
99410,동방선기
99430,바이오플러스
99440,스맥
99520,ITX-AI
99750,이지케어텍
100030,모바일리더
100090,삼강엠앤티
100120,뷰웍스
100130,동국S&C
100220,비상교육
100250,진양홀딩스
100590,머큐리
100660,서암기계공업
100700,세운메디칼
100790,미래에셋벤처투자
100840,SNT에너지
101000,상상인인더스트리
101140,인바이오젠
101160,월덱스
101170,우림피티에스
101240,씨큐브
101330,모베이스
101360,이엔드디
101390,아이엠
101400,엔시트론
101490,에스앤에스텍
101530,해태제과식품
101670,코리아에스이
101680,한국정밀기계
101730,위메이드맥스
101930,인화정공
102120,어보브반도체
102260,동성케미컬
102280,쌍방울
102370,케이옥션
102460,이연제약
102710,이엔에프테크놀로지
102940,코오롱생명과학
103140,풍산
103230,에스앤더블류
103590,일진전기
103840,우양
104040,대성파인텍
104200,NHN벅스
104460,디와이피엔에프
104480,티케이케미칼
104540,코렌텍
104620,노랑풍선
104700,한국철강
104830,원익머트리얼즈
105330,케이엔더블유
105550,트루윈
105560,KB금융
105630,한세실업
105740,디케이락
105840,우진
106080,하이소닉
106190,하이텍팜
106240,파인테크닉스
106520,노블엠앤비
107590,미원홀딩스
108230,톱텍
108320,LX세미콘
108380,대양전기공업
108490,로보티즈
108670,LX하우시스
108860,셀바스AI
109070,컨버즈
109080,옵티시스
109610,에스와이
109740,디에스케이
109820,진매트릭스
109860,동일금속
109960,에이프로젠 H&G
110020,전진바이오팜
110790,크리스에프앤씨
110990,디아이티
111110,호전실업
111710,남화산업
111770,영원무역
111870,KH 일렉트론
112040,위메이드
112610,씨에스윈드
113810,디젠스
114090,GKL
114120,크루셜텍
114190,강원에너지
114450,KPX생명과학
114630,폴라리스우노
114810,아이원스
114840,아이패밀리에스씨
115160,휴맥스
115180,큐리언트
115310,인포바인
115390,락앤락
115440,우리넷
115450,HLB테라퓨틱스
115480,씨유메디칼
115500,케이씨에스
115530,씨엔플러스
115570,스타플렉스
115610,이미지스
115960,연우
117580,대성에너지
117670,알파홀딩스
117730,티로보틱스
118000,우리들휴브레인
118990,모트렉스
119500,포메탈
119610,인터로조
119650,KC코트렐
119830,아이텍
119850,지엔씨에너지
119860,다나와
120030,조선선재
120110,코오롱인더
120240,대정화금
121440,골프존뉴딘홀딩스
121600,나노신소재
121800,비덴트
121850,코이즈
121890,에스디시스템
122310,제노레이
122350,삼기
122450,KMH
122640,예스티
122690,서진오토모티브
122870,와이지엔터테인먼트
122900,아이마켓코리아
122990,와이솔
123010,폴라리스웍스
123040,엠에스오토텍
123330,제닉
123410,코리아에프티
123420,선데이토즈
123570,이엠넷
123690,한국화장품
123700,SJM
123750,알톤스포츠
123840,한일진공
123860,아나패스
123890,한국자산신탁
124500,아이티센
124560,태웅로직스
125210,아모그린텍
126340,비나텍
126560,현대퓨처넷
126600,코프라
126640,화신정공
126700,하이비젼시스템
126870,뉴로스
126880,제이엔케이히터
127120,디엔에이링크
127160,매직마이크로
127710,아시아경제
128540,에코캡
128660,피제이메탈
128820,대성산업
128940,한미약품
129260,인터지스
129890,앱코
130500,GH신소재
130580,나이스디앤비
130660,한전산업
130740,티피씨글로벌
131030,디에이치피코리아
131090,시큐브
131100,스카이이앤엠
131180,딜리
131220,대한과학
131290,티에스이
131370,알서포트
131390,원익피앤이
131400,이브이첨단소재
131760,파인텍
131970,테스나
133750,메가엠디
133820,화인베스틸
134060,이퓨쳐
134380,미원화학
134580,탑코미디어
134790,시디즈
136410,아셈스
136480,하림
136490,선진
136510,에디슨EV
136540,윈스
137080,나래나노텍
137310,에스디바이오센서
137400,피엔티
137940,넥스트아이
137950,제이씨케미칼
138040,메리츠금융지주
138070,신진에스엠
138080,오이솔루션
138250,엔에스쇼핑
138360,협진
138490,코오롱플라스틱
138580,비즈니스온
138610,나이벡
138690,엘아이에스
138930,BNK금융지주
139050,시티랩스
139130,DGB금융지주
139480,이마트
139670,키네마스터
139990,아주스틸
140070,서플러스글로벌
140410,메지온
140520,대창스틸
140670,알에스오토메이션
140860,파크시스템스
140910,에이리츠
141000,비아트론
141020,포티스
141080,레고켐바이오
142210,유니트론텍
142280,녹십자엠에스
142760,바이오리더스
143160,아이디스
143210,핸즈코퍼레이션
143240,사람인에이치알
143540,영우디에스피
144510,지씨셀
144960,뉴파워프라즈마
145020,휴젤
145210,다이나믹디자인
145270,케이탑리츠
145720,덴티움
145990,삼양사
147760,마이크로프랜드
147830,제룡산업
148140,비디아이
148150,세경하이테크
148250,알엔투테크놀로지
149950,아바텍
149980,하이로닉
150840,인트로메딕
150900,파수
151860,KG ETS
151910,나노스
153360,하이골드3호
153460,네이블
153490,우리이앤엘
153710,옵티팜
154030,아시아종묘
154040,솔루에타
155650,와이엠씨
155660,DSR
155900,바다로19호
156100,엘앤케이바이오
158310,참존글로벌
158430,아톤
159010,아스플로
159580,제로투세븐
159910,스킨앤스킨
160550,NEW
160600,이큐셀
160980,싸이맥스
161000,애경케미칼
161390,한국타이어앤테크놀로지
161570,THE MIDONG
161580,필옵틱스
161890,한국콜마
163560,동일고무벨트
163730,핑거
164060,이루다
166090,하나머티리얼즈
166480,코아스템
168330,내츄럴엔도텍
169330,엠브레인
170030,현대공업
170790,파이오링크
170900,동아에스티
170920,엘티씨
171010,램테크놀러지
171090,선익시스템
171120,라이온켐텍
173130,오파스넷
173940,에프엔씨엔터
174880,장원테크
174900,앱클론
175140,인포마크
175250,아이큐어
175330,JB금융지주
176440,에이치엔티
177350,베셀
177830,파버나인
178320,서진시스템
178780,유테크
178920,PI첨단소재
179290,엠아이텍
179530,애드바이오텍
179900,유티아이
180400,디엑스앤브이엑스
180640,한진칼
181340,이즈미디어
181710,NHN
182360,큐브엔터
182400,엔케이맥스
182690,테라셈
183190,아세아시멘트
183300,코미코
183490,엔지켐생명과학
184230,SGA솔루션즈
185490,아이진
185750,종근당
186230,그린플러스
187220,디티앤씨
187270,신화콘텍
187420,제노포커스
187660,에이디엠코리아
187790,나노
187870,디바이스이엔지
189300,인텔리안테크
189330,씨이랩
189690,포시에스
189860,서전기전
189980,흥국에프엔비
190510,나무가
190650,코리아에셋투자증권
191410,육일씨엔에쓰
191420,테고사이언스
192080,더블유게임즈
192250,케이사인
192390,윈하이텍
192400,쿠쿠홀딩스
192410,THQ
192440,슈피겐코리아
192650,드림텍
192820,코스맥스
193250,와이제이엠게임즈
194370,제이에스코퍼레이션
194480,데브시스터즈
194700,노바렉스
195500,마니커에프앤지
195870,해성디에스
195940,HK이노엔
195990,에이비프로바이오
196170,알테오젠
196300,애니젠
196450,코아시아옵틱스
196490,디에이테크놀로지
196700,웹스
197140,디지캡
198080,엔피디
198440,고려시멘트
199800,툴젠
199820,제일전기공업
200130,콜마비앤에이치
200230,텔콘RF제약
200350,래몽래인
200470,에이팩트
200670,휴메딕스
200710,에이디테크놀로지
200780,비씨월드제약
200880,서연이화
201490,미투온
203400,에이비온
203450,유니온커뮤니티
203650,드림시큐리티
203690,프로스테믹스
204020,그리티
204210,모두투어리츠
204270,제이앤티씨
204320,만도
204620,글로벌텍스프리
204630,스튜디오산타클로스
204840,지엘팜텍
205100,엑셈
205470,휴마시스
205500,액션스퀘어
206400,베노홀딩스
206560,덱스터
206640,바디텍메드
206650,유바이오로직스
207760,미스터블루
207940,삼성바이오로직스
208140,정다운
208340,파멥신
208350,지란지교시큐리티
208370,셀바스헬스케어
208640,썸에이지
208710,바이오로그디바이스
208860,엔지스테크널러지
210540,디와이파워
210980,SK디앤디
211050,인카금융서비스
211270,AP위성
212560,네오오토
213420,덕산네오룩스
213500,한솔제지
214150,클래시스
214180,민앤지
214260,라파스
214270,FSN
214310,에스엘바이오닉스
214320,이노션
214330,금호에이치티
214370,케어젠
214390,경보제약
214420,토니모리
214430,아이쓰리시스템
214450,파마리서치
214610,미코바이오메드
214680,디알텍
214870,뉴지랩파마
215000,골프존
215090,휴센텍
215100,로보로보
215200,메가스터디교육
215360,우리산업
215380,우정바이오
215480,토박스코리아
215600,신라젠
215790,이노인스트루먼트
216050,인크로스
216080,제테마
217190,제너셈
217270,넵튠
217330,싸이토젠
217480,에스디생명공학
217500,러셀
217600,켐온
217620,디딤
217730,강스템바이오텍
217820,엔에스
218150,미래생명자원
218410,RFHIC
219130,타이거일렉
219420,링크제니시스
219550,디와이디
219750,지티지웰니스
220100,퓨쳐켐
220180,핸디소프트
220260,켐트로스
220630,맘스터치
221840,하이즈항공
221980,케이디켐
222040,코스맥스엔비티
222080,씨아이에스
222110,팬젠
222160,바이옵트로
222420,쎄노텍
222800,심텍
222810,마이더스AI
222980,한국맥널티
223250,드림씨아이에스
223310,커머스마이너
224060,코디엠
224110,에이텍티앤
225190,삼양옵틱스
225220,제놀루션
225330,씨엠에스에듀
225430,케이엠제약
225530,보광산업
225570,넷게임즈
225590,패션플랫폼
226320,잇츠한불
226330,신테카바이오
226340,본느
226360,KH E&T
226400,오스테오닉
226440,한송네오텍
226950,올릭스
227100,에이치앤비디자인
227610,아우딘퓨쳐스
227840,현대코퍼레이션홀딩스
227950,엔투텍
228340,동양파일
228670,레이
228760,지노믹트리
228850,레이언스
229000,젠큐릭스
229640,LS전선아시아
230240,에치에프알
230360,에코마케팅
230980,에이트원
232140,와이아이케이
232680,라온테크
234080,JW생명과학
234100,세원
234300,에스트래픽
234340,세틀뱅크
234690,녹십자웰빙
234920,자이글
235980,메드팩토
236200,슈프리마
236810,엔비티
237690,에스티팜
237750,피앤씨테크
237820,플레이디
237880,클리오
238090,앤디포스
238120,얼라인드
238200,비피도
238490,힘스
239340,줌인터넷
239610,에이치엘사이언스
239890,피엔에이치테크
240810,원익IPS
241520,DSC인베스트먼트
241560,두산밥캣
241590,화승엔터프라이즈
241690,유니테크노
241710,코스메카코리아
241770,메카로
241790,오션브릿지
241820,피씨엘
241840,에이스토리
242040,나무기술
243070,휴온스
243840,신흥에스이씨
244460,올리패스
244920,에이플러스에셋
245620,EDGC
246690,TS인베스트먼트
246710,티앤알바이오팹
246720,아스타
246960,이노테라피
247540,에코프로비엠
247660,나노씨엠에스
248070,솔루엠
248170,샘표식품
249420,일동제약
250000,보라티알
250060,모비스
250930,예선테크
251120,바이오에프디엔씨
251270,넷마블
251370,와이엠티
251630,브이원텍
251970,펌텍코리아
252500,세화피앤씨
252990,샘씨엔에스
253450,스튜디오드래곤
253590,네오셈
253840,수젠텍
254120,자비스
255220,SG
255440,야스
256150,한독크린텍
256630,포인트엔지니어링
256840,한국비엔씨
256940,케이피에스
257370,명성티엔에스
257720,실리콘투
258610,이더블유케이
258790,소프트캠프
258830,세종메디칼
259630,엠플러스
259960,크래프톤
260660,알리코제약
260930,씨티케이
260970,에스앤디
261200,덴티스
261780,차백신연구소
262260,에이프로
262840,아이퀘스트
263020,디케이앤디
263050,유틸렉스
263540,샘코
263600,덕우전자
263690,디알젬
263700,케어랩스
263720,디앤씨미디어
263750,펄어비스
263770,유에스티
263800,데이타솔루션
263810,상신전자
263860,지니언스
263920,휴온스블러썸
264450,유비쿼스
264660,씨앤지하이테크
264850,이랜시스
264900,크라운제과
265520,AP시스템
265560,영화테크
265740,엔에프씨
267250,현대중공업지주
267260,현대일렉트릭
267270,현대건설기계
267290,경동도시가스
267320,나인테크
267790,배럴
267850,아시아나IDT
267980,매일유업
268280,미원에스씨
268600,셀리버리
269620,시스웍
270520,지엔원에너지
270660,에브리봇
270870,뉴트리
271560,오리온
271940,일진하이솔루스
271980,제일약품
272110,케이엔제이
272210,한화시스템
272290,이녹스첨단소재
272450,진에어
272550,삼양패키징
273060,와이즈버즈
273640,와이엠텍
274090,켄코아에어로스페이스
275630,에스에스알
276040,스코넥
276730,제주맥주
277070,린드먼아시아
277410,인산가
277810,레인보우로보틱스
277880,티에스아이
278280,천보
278650,노터스
279600,미디어젠
280360,롯데제과
281740,레이크머티리얼즈
281820,케이씨텍
282330,BGF리테일
282690,동아타이어
282880,코윈테크
284620,카이노스메드
284740,쿠쿠홈시스
285130,SK케미칼
285490,노바텍
286750,나노브릭
286940,롯데정보통신
287410,제이시스메디칼
288330,브릿지바이오테라퓨틱스
288620,에스퓨얼셀
289010,아이스크림에듀
289080,SV인베스트먼트
289220,자이언트스텝
290090,트윔
290120,대유에이피
290270,휴네시온
290380,대유
290510,코리아센터
290520,신도기연
290550,디케이티
290650,엘앤씨바이오
290660,네오펙트
290670,대보마그네틱
290690,소룩스
290720,푸드나무
290740,액트로
291230,엔피
291650,압타머사이언스
293480,하나제약
293490,카카오게임즈
293580,나우IB
293780,압타바이오
293940,신한알파리츠
294090,이오플로우
294140,레몬
294570,쿠콘
294630,서남
294870,HDC현대산업개발
297090,씨에스베어링
297570,알로이스
297890,HB솔루션
298000,효성화학
298020,효성티앤씨
298040,효성중공업
298050,효성첨단소재
298060,에스씨엠생명과학
298380,에이비엘바이오
298540,더네이쳐홀딩스
298690,에어부산
298870,케이티비네트워크
299030,하나기술
299170,더블유에스아이
299660,셀리드
299900,위지윅스튜디오
299910,베스파
300080,플리토
300120,라온피플
300720,한일시멘트
301300,바이브컴퍼니
302430,이노메트리
302440,SK바이오사이언스
302550,리메드
303030,지니틱스
303530,이노뎁
304100,솔트룩스
304840,피플바이오
305090,마이크로디지탈
306040,에스제이그룹
306200,세아제강
306620,네온테크
307180,아이엘사이언스
307280,원바이오젠
307750,국전약품
307870,비투엔
307930,컴퍼니케이
307950,현대오토에버
308080,바이젠셀
308100,까스텔바작
308170,센트랄모텍
309930,오하임아이엔티
310200,애니플러스
310870,디와이씨
311320,지오엘리먼트
311390,네오크레마
311690,CJ 바이오사이언스
312610,에이에프더블류
313760,윌링스
314130,지놈앤컴퍼니
314930,바이오다인
315640,딥노이드
316140,우리금융지주
317120,라닉스
317240,TS트릴리온
317330,덕산테코피아
317400,자이에스앤디
317530,캐리소프트
317690,퀀타매트릭스
317770,슈프리마아이디
317830,에스피시스템스
317850,대모
317870,엔바이오니아
318000,한국바이오젠
318010,팜스빌
318020,포인트모바일
318410,비비씨
319400,현대무벡스
319660,피에스케이
320000,윈텍
321260,프로이천
321550,티움바이오
321820,와이더플래닛
322000,현대에너지솔루션
322180,티라유텍
322310,오로스테크놀로지
322510,제이엘케이
322780,코퍼스코리아
323230,엠에프엠코리아
323280,신영스팩5호
323410,카카오뱅크
323990,박셀바이오
326030,SK바이오팜
327260,RF머트리얼즈
328380,미래에셋대우스팩3호
329180,현대중공업
329560,상상인이안제2호스팩
330350,위더스제약
330590,롯데리츠
330860,네패스아크
330990,케이비제19호스팩
331380,포커스에이치엔에스
331520,교보9호스팩
331920,셀레믹스
332290,대신밸런스제7호스팩
332370,아이디피
332570,와이팜
332710,하나금융14호스팩
333050,신한제6호스팩
333430,일승
333620,엔시스
334890,이지스밸류리츠
334970,프레스티지바이오로직스
335810,프리시젼바이오
335870,IBKS제12호스팩
335890,비올
336060,유안타제5호스팩
336260,두산퓨얼셀
336370,솔루스첨단소재
336570,대신밸런스제8호스팩
337450,SK5호스팩
337930,브랜드엑스코퍼레이션
338100,NH프라임리츠
338220,뷰노
339770,교촌에프앤비
339950,아이비김영
340120,하이제5호스팩
340350,SK6호스팩
340360,다보링크
340440,세림B&G
340570,티앤엘
340930,유일에너테크
341160,하나금융15호스팩
342550,케이비제20호스팩
343510,하나금융16호스팩
344050,신영스팩6호
344820,KCC글라스
347000,센코
347140,케이프이에스제4호
347700,라이프시맨틱스
347740,피엔케이피부임상연구센타
347770,핌스
347860,알체라
347890,엠투아이
348030,모비릭스
348150,고바이오랩
348210,넥스틴
348350,위드텍
348370,엔켐
348950,제이알글로벌리츠
349720,이베스트스팩5호
350520,이지스레지던스리츠
351320,에스에이티이엔지
351330,이삭엔지니어링
351340,IBKS제13호스팩
352480,씨앤씨인터내셔널
352700,씨앤투스성진
352770,클리노믹스
352820,하이브
352910,오비고
352940,인바이오
353060,에이치엠씨제5호스팩
353070,에이치엠씨제4호스팩
353190,휴럼
353200,대덕전자
353490,미래에셋대우스팩 5호
353590,오토앤
353810,이지바이오
354200,엔젠바이오
355150,교보10호스팩
356860,티엘비
356890,싸이버원
357120,코람코에너지리츠
357230,에이치피오
357250,미래에셋맵스리츠
357550,석경에이티
357580,아모센스
357780,솔브레인
357880,비트나인
359090,씨엔알리서치
361390,제노코
361570,알비더블유
361610,SK아이이테크놀로지
361670,삼영에스앤씨
363250,진시스템
363260,하나금융17호스팩
363280,티와이홀딩스
365270,큐라클
365550,ESR켄달스퀘어리츠
365590,엔에이치스팩18호
366330,신한제7호스팩
367000,플래티어
367340,DB금융스팩8호
367360,DB금융스팩9호
367460,유안타제7호스팩
367480,유안타제8호스팩
368770,한국9호스팩
369370,블리츠웨이
370090,퓨런티어
372290,하나머스트7호스팩
372800,아이티아이즈
372910,한컴라이프케어
373200,하인크코리아
373220,LG에너지솔루션
373340,유진스팩6호
375500,DL이앤씨
376180,피코그램
376190,엘비루셈
376290,씨유테크
376300,디어유
376980,원티드랩
377030,맥스트
377190,디앤디플랫폼리츠
377220,프롬바이오
377300,카카오페이
377330,이지트로닉스
377400,하이제6호스팩
377450,리파인
377480,마인즈랩
377630,삼성스팩4호
378850,화승알앤에이
380320,삼성머스트스팩5호
380440,엔에이치스팩19호
381970,케이카
382480,지아이텍
382800,지앤비에스엔지니어링
382840,원준
383220,F&F
383310,에코프로에이치엔
383800,LX홀딩스
386580,한화플러스제2호스팩
387310,대신밸런스제10호스팩
388220,하나금융19호스팩
388790,IBKS제16호스팩
388800,유진스팩7호
389030,지니너스
391060,엔에이치스팩20호
391710,엔에이치스팩21호
393360,신한제8호스팩
395400,SK리츠
396690,미래에셋글로벌리츠
396770,엔에이치스팩22호
397500,대신밸런스제11호스팩
397880,교보11호스팩
400560,하나금융20호스팩
400760,NH올원리츠
400840,하이제7호스팩
402340,SK스퀘어
404950,DB금융스팩10호
404990,신한서부티엔디리츠
405350,IBKS제17호스팩
409570,한국제10호스팩
900070,글로벌에스엠
900100,애머릿지
900110,이스트아시아홀딩스
900120,씨케이에이치
900140,엘브이엠씨홀딩스
900250,크리스탈신소재
900260,로스웰
900270,헝셩그룹
900280,골든센츄리
900290,GRT
900300,오가닉티코스메틱
900310,컬러레이
900340,윙입푸드
950110,SBI핀테크솔루션즈
950130,엑세스바이오
950140,잉글우드랩
950160,코오롱티슈진
950170,JTC
950180,SNK
950190,미투젠
950200,소마젠
950210,프레스티지바이오파마
950220,네오이뮨텍(Reg.S)
